L,a,b,L,c,h,X,Y,Z,sRGB R,sRGB G,sRGB B,HEX,spot con
46.6866385,3.7776807,0.358951641,46.6866385,3.794696,5.42789437,0.155990862,0.157815981,0.167661216,117,109,110,#756d6e,0
45.4193564,5.57554512,-1.09736443,45.4193564,5.68250931,348.865509,0.149814916,0.14843688,0.16428188,116,105,109,#74696d,20.035
45.2471194,5.61273955,-1.06293822,45.2471194,5.71250234,349.276346,0.148645443,0.147191603,0.162760123,116,104,109,#74686d,41.895
45.0606688,5.62888342,-1.03950257,45.0606688,5.72406273,349.536901,0.147346673,0.145851434,0.161186311,115,104,108,#73686c,64.0525
44.895809,5.6270947,-0.997923737,44.895809,5.7148969,349.943572,0.146178344,0.144673253,0.159708922,115,103,108,#73676c,84.5675
44.7392486,5.623464,-0.951102189,44.7392486,5.70332734,350.400352,0.145071421,0.143560274,0.158281327,115,103,108,#73676c,104.865
44.5764864,5.62791749,-0.890155847,44.5764864,5.69787966,351.012104,0.143939908,0.142409274,0.15675144,114,102,107,#72666b,125.6025
44.4089697,5.62633879,-0.847012155,44.4089697,5.68973793,351.438748,0.14277158,0.141231092,0.155274052,114,102,107,#72666b,147.5175
44.252129,5.61550638,-0.794284691,44.252129,5.67140195,351.949211,0.141668472,0.140133905,0.153844876,114,102,106,#72666a,168.7325
44.1010878,5.61164294,-0.729396759,44.1010878,5.6588476,352.594261,0.140622008,0.139082673,0.152415024,113,101,106,#71656a,188.2125
43.9384879,5.62390972,-0.695540639,43.9384879,5.66675721,352.949709,0.13952728,0.137956885,0.151042414,113,101,105,#716569,208.6825
43.7719706,5.60762204,-0.641589248,43.7719706,5.64420603,353.472955,0.138366583,0.136810287,0.149561864,112,100,105,#706469,231.45
43.6314178,5.58130331,-0.587506085,43.6314178,5.61213952,353.990989,0.137372167,0.135847434,0.148282966,112,100,104,#706468,254.725
43.4493676,5.59029237,-0.557681192,43.4493676,5.61804032,354.303087,0.136158445,0.134607032,0.146809189,112,100,104,#706468,276.5325
43.3045026,5.56294763,-0.495124484,43.3045026,5.58493819,354.91385,0.135144202,0.133625405,0.145478467,111,99,103,#6f6367,298.9925
43.1712675,5.55428709,-0.435311183,43.1712675,5.57131949,355.518666,0.134241321,0.132726808,0.144252074,111,99,103,#6f6367,318.26
43.0207609,5.55049499,-0.392257304,43.0207609,5.56433827,355.957589,0.133235457,0.13171658,0.142977918,111,99,102,#6f6366,334.92
42.8924601,5.53167414,-0.357511017,42.8924601,5.54321503,356.302128,0.132358111,0.130859459,0.141905864,110,98,102,#6e6266,351.7475
42.7630772,5.51436432,-0.310815557,42.7630772,5.52311689,356.773953,0.13147982,0.129998883,0.140781761,110,98,102,#6e6266,367.3725
42.6288647,5.51089862,-0.284361341,42.6288647,5.51823024,357.046168,0.130594843,0.12911018,0.139712869,110,98,101,#6e6265,384.015
42.5133332,5.50493586,-0.235934657,42.5133332,5.50998947,357.545877,0.129831729,0.128348426,0.138691513,109,97,101,#6d6165,399.94
42.407889,5.48492174,-0.193433465,42.407889,5.48833153,357.980221,0.129115902,0.127655803,0.137770643,109,97,101,#6d6165,413.3925
42.2930663,5.47394348,-0.179746912,42.2930663,5.47689384,358.119264,0.128355628,0.126904416,0.136905433,109,97,100,#6d6164,423.6275
42.1609271,5.46667152,-0.131581574,42.1609271,5.46825486,358.62117,0.127492401,0.126043367,0.135782687,109,97,100,#6d6164,434.42
42.1083685,5.44381984,-0.095185799,42.1083685,5.44465194,358.998279,0.127120384,0.125701969,0.135268057,108,96,100,#6c6064,448.4875
42.0118427,5.45104272,-0.05981138,42.0118427,5.45137085,359.371349,0.126512104,0.125076585,0.134453096,108,96,99,#6c6063,462.885
41.9210385,5.42854795,-0.038556195,41.9210385,5.42868487,359.593064,0.125898283,0.124490168,0.133737714,108,96,99,#6c6063,475.0025
41.8119647,5.42322711,-0.02355613,41.8119647,5.42327827,359.751134,0.125195597,0.123788192,0.132923877,108,96,99,#6c6063,486.7525
41.7408142,5.40685373,0.007627905,41.7408142,5.40685911,0.080831945,0.124719651,0.123331707,0.132309437,108,96,99,#6c6063,500.0425
41.6484644,5.40695346,0.040558292,41.6484644,5.40710558,0.42977536,0.124135014,0.122740889,0.131544719,107,95,98,#6b5f62,512.9325
41.5822593,5.39387765,0.068315421,41.5822593,5.39431025,0.725633075,0.123697776,0.122318496,0.130981877,107,95,98,#6b5f62,522.725
41.4978693,5.37694506,0.090749273,41.4978693,5.37771082,0.966916466,0.123141544,0.121781491,0.130317869,107,95,98,#6b5f62,530.0075
41.4239915,5.36676568,0.105652906,41.4239915,5.36780555,1.12780846,0.122662728,0.12131267,0.129757058,107,95,98,#6b5f62,536.2375
41.3625833,5.3676617,0.129492622,41.3625833,5.36922346,1.38196896,0.122279263,0.120923897,0.129247171,107,95,97,#6b5f61,543.1475
41.2696319,5.35531007,0.151455357,41.2696319,5.35745133,1.61996974,0.121680507,0.120337008,0.128533145,106,94,97,#6a5e61,552.2325
41.2473667,5.35402412,0.178842401,41.2473667,5.35701026,1.91316026,0.121539793,0.120196709,0.128276058,106,94,97,#6a5e61,561.175
41.1624592,5.34592327,0.18902533,41.1624592,5.34926408,2.02506526,0.120999572,0.119662686,0.127665454,106,94,97,#6a5e61,568.64
41.087234,5.32654355,0.217332507,41.087234,5.33097549,2.33647432,0.120504745,0.119190883,0.127051239,106,94,97,#6a5e61,577.7
40.9933059,5.32485821,0.239359924,40.9933059,5.33023528,2.57379387,0.119921054,0.11860352,0.126338569,106,94,96,#6a5e60,588.3125
40.9205716,5.31708715,0.259272335,40.9205716,5.32340473,2.79165131,0.119461119,0.118150018,0.125777533,106,94,96,#6a5e60,599.1975
40.8550489,5.31711993,0.29222672,40.8550489,5.32514421,3.14578763,0.119057828,0.117742471,0.125215822,105,93,96,#695d60,609.175
40.7825939,5.29666809,0.30026309,40.7825939,5.30517208,3.24457073,0.118583774,0.117292897,0.124705479,105,93,96,#695d60,615.625
40.7384712,5.27961239,0.331643832,40.7384712,5.29001839,3.59436579,0.118289173,0.117019684,0.124294046,105,93,96,#695d60,621.605
40.6661241,5.27918808,0.326169478,40.6661241,5.28925451,3.53546973,0.117846196,0.11657262,0.123838463,105,93,95,#695d5f,628.8875
40.6408977,5.275229,0.350045562,40.6408977,5.28683014,3.79638001,0.117686601,0.116417003,0.123581601,105,93,95,#695d5f,637.4625
40.5652479,5.27393056,0.35297288,40.5652479,5.28572923,3.82897356,0.117223797,0.115951165,0.123074194,105,93,95,#695d5f,645.95
40.5216796,5.28628762,0.357735875,40.5216796,5.29837822,3.87144142,0.116976284,0.115683444,0.122770926,105,93,95,#695d5f,653.6675
40.4669198,5.29163473,0.370591994,40.4669198,5.3045958,4.00608614,0.116651355,0.115347537,0.122364461,104,92,95,#685c5f,661.5075
40.4309409,5.27885078,0.390004324,40.4309409,5.29323804,4.22536622,0.11641529,0.115127191,0.122056451,104,92,95,#685c5f,668.69
40.3842472,5.26826293,0.404281343,40.3842472,5.28375223,4.38822165,0.11611782,0.114841642,0.121698647,104,92,95,#685c5f,675.6275
40.3429868,5.27228284,0.414044792,40.3429868,5.2885158,4.49035651,0.115874123,0.114589712,0.121393799,104,92,95,#685c5f,682.665
40.2905494,5.25811195,0.432498025,40.2905494,5.2758692,4.70219209,0.115537944,0.114270071,0.120984397,104,92,94,#685c5e,689.4825
40.2519037,5.23143253,0.448232797,40.2519037,5.25059987,4.89718211,0.115267933,0.114034879,0.120675255,104,92,94,#685c5e,697.7475
40.2102928,5.25771922,0.457125024,40.2102928,5.27755386,4.96900578,0.115054366,0.113782003,0.120373118,104,92,94,#685c5e,706.675
40.1580993,5.25286091,0.462319267,40.1580993,5.27316668,5.02980426,0.114734199,0.113465344,0.12001712,104,92,94,#685c5e,717.0325
40.1074327,5.22068666,0.49940968,40.1074327,5.24451897,5.46427403,0.114385826,0.113158511,0.119552733,104,92,94,#685c5e,727.8325
40.0385224,5.22562604,0.503120407,40.0385224,5.24979025,5.49945518,0.11398061,0.112742084,0.1190967,103,91,94,#675b5e,738.1725
39.9632836,5.21756025,0.52456084,39.9632836,5.24386299,5.74108717,0.113520675,0.112288582,0.118535664,103,91,93,#675b5d,752.04
39.8991977,5.21668167,0.537779462,39.8991977,5.24432783,5.88574035,0.113138157,0.111903265,0.118077826,103,91,93,#675b5d,765.015
39.8401562,5.20993222,0.560505213,39.8401562,5.23999617,6.14048969,0.112778336,0.111549057,0.117618181,103,91,93,#675b5d,775.045
39.7899074,5.19638395,0.570964874,39.7899074,5.22765789,6.27035482,0.112461984,0.11124819,0.117260603,103,91,93,#675b5d,781.7125
39.7420539,5.1968413,0.58544387,39.7420539,5.22971357,6.42748798,0.112179579,0.110962168,0.116904155,103,91,93,#675b5d,787.6975
39.6941974,5.18595847,0.600485214,39.6941974,5.22060799,6.60489886,0.111882109,0.110676619,0.116546352,103,91,93,#675b5d,797.415
39.6545598,5.1814109,0.61584906,39.6545598,5.21788166,6.77822823,0.111642228,0.110440481,0.116239922,102,91,93,#665b5d,804.8825
39.6207591,5.15773803,0.62803657,39.6207591,5.19583406,6.94249433,0.111410925,0.110239381,0.115982379,102,91,92,#665b5c,810.665
39.5721112,5.14857293,0.656513077,39.5721112,5.19026133,7.26677528,0.111112509,0.109950377,0.115572527,102,90,92,#665a5c,819.2025
39.5354664,5.14488957,0.663260944,39.5354664,5.18746602,7.34585311,0.110892455,0.109733013,0.115317921,102,90,92,#665a5c,827.3075
39.4956016,5.14027796,0.678827331,39.4956016,5.18490733,7.52297354,0.110652574,0.109496874,0.115011491,102,90,92,#665a5c,834.1575
39.4362017,5.14297961,0.68840158,39.4362017,5.18884727,7.62387772,0.110308764,0.10914565,0.114605251,102,90,92,#665a5c,841.3825
39.3909187,5.14433294,0.694476548,39.3909187,5.19099789,7.6883559,0.110046186,0.108878402,0.114300627,102,90,92,#665a5c,848.6625
39.3509256,5.12822308,0.710697581,39.3509256,5.17723507,7.8901105,0.10979124,0.108642737,0.113992841,102,90,92,#665a5c,855.31
39.3113015,5.13325865,0.712515507,39.3113015,5.18247264,7.90237639,0.10956737,0.108409581,0.113739816,102,90,92,#665a5c,862.3675
39.2632039,5.13185675,0.714102104,39.2632039,5.1813025,7.92188602,0.109285911,0.108127014,0.113435417,101,90,91,#655a5b,868.8425
39.2255583,5.12998591,0.73448868,39.2255583,5.18229959,8.14798145,0.109064911,0.107906195,0.113128762,101,90,91,#655a5b,874.1975
39.1800096,5.11979675,0.741215332,39.1800096,5.173173,8.2377252,0.108787268,0.10763942,0.112822783,101,89,91,#65595b,881.085
39.1475731,5.11188998,0.77139658,39.1475731,5.16976516,8.58132613,0.108588965,0.10744971,0.112514322,101,89,91,#65595b,887.595
39.1157713,5.09053023,0.788642233,39.1157713,5.15125757,8.80644685,0.108376543,0.107263929,0.112256554,101,89,91,#65595b,893.3675
39.075808,5.09558704,0.790597477,39.075808,5.15655425,8.8193138,0.108152674,0.107030774,0.112003529,101,89,91,#65595b,899.315
39.0384991,5.0918274,0.79767979,39.0384991,5.15393048,8.90352444,0.10793262,0.106813409,0.111748923,101,89,91,#65595b,904.175
39.0085295,5.08665476,0.832729098,39.0085295,5.15436654,9.29733912,0.107753198,0.106639018,0.111440237,101,89,91,#65595b,908.745
38.969005,5.08988473,0.821131354,38.969005,5.15569426,9.16434605,0.107530274,0.106409318,0.11123926,101,89,91,#65595b,913.225
38.9310365,5.07630331,0.842464185,38.9310365,5.14573622,9.42293273,0.107294209,0.106188972,0.11093125,101,89,90,#65595a,918.03
38.907945,5.08281503,0.845439867,38.907945,5.15264759,9.44372014,0.107170453,0.106055111,0.110779616,101,89,90,#65595a,923.145
38.8651124,5.0734224,0.843397023,38.8651124,5.14304709,9.43843927,0.106912637,0.10580711,0.110525459,100,89,90,#64595a,929.27
38.834953,5.06821432,0.878758646,38.834953,5.14383254,9.83650708,0.106733215,0.105632719,0.110216774,100,89,90,#64595a,935.38
38.7838765,5.07380123,0.861785944,38.7838765,5.14646811,9.63970097,0.106448886,0.105337816,0.109966004,100,89,90,#64595a,941.76
38.7570497,5.04604417,0.889232875,38.7570497,5.12379712,9.9942641,0.106259161,0.105183145,0.10970643,100,88,90,#64585a,948.155
38.7165605,5.05115168,0.891376484,38.7165605,5.12919929,10.0079443,0.106035291,0.10494999,0.109453405,100,88,90,#64585a,954.3975
38.6841729,5.04120394,0.908564859,38.6841729,5.12242396,10.216613,0.105837935,0.104763736,0.109196993,100,88,90,#64585a,961.33
38.6230767,5.03213113,0.919550068,38.6230767,5.11545854,10.3557266,0.105479059,0.104412984,0.108789397,100,88,90,#64585a,969.1675
38.5905781,5.02213628,0.936844183,38.5905781,5.10876989,10.5666742,0.105281702,0.10422673,0.108532985,100,88,89,#645859,977.9675
38.5498413,5.02726291,0.939079208,38.5498413,5.1142196,10.5807567,0.105057833,0.103993575,0.10827996,100,88,89,#645859,985.2025
38.5118087,5.02340284,0.946543527,38.5118087,5.1118021,10.6709428,0.104837779,0.10377621,0.108025353,100,88,89,#645859,991.0075
38.4846303,5.0072033,0.973875479,38.4846303,5.10103111,11.0063261,0.104663119,0.103621066,0.107767136,100,88,89,#645859,996.1675
38.4552604,4.99810677,0.982104389,38.4552604,5.09368239,11.1167206,0.104485589,0.103453586,0.107562547,99,88,89,#635859,1002.755
38.3967836,5.01368123,0.983044673,38.3967836,5.10914633,11.093392,0.104176671,0.103120663,0.107209486,99,88,89,#635859,1009.27
38.3754901,5.00124228,1.00598923,38.3754901,5.10141536,11.373157,0.10404072,0.102999611,0.107002867,99,88,89,#635859,1014.805
38.32903,5.00067744,0.998916491,38.32903,5.09947145,11.2965022,0.103779088,0.102735819,0.106750292,99,87,89,#635759,1019.9425
38.2544709,4.98568247,1.03352434,38.2544709,5.09167971,11.7114502,0.10334185,0.102313426,0.10618745,99,87,89,#635759,1035.6975
38.2303555,4.97028639,1.05192076,38.2303555,5.08038228,11.9498488,0.103187017,0.102177056,0.105981056,99,87,88,#635758,1039.965
38.1917892,4.9783364,1.05912361,38.1917892,5.08975207,12.0104114,0.102982028,0.101959219,0.105727805,99,87,88,#635758,1044.68
38.1512309,4.95759162,1.04855513,38.1512309,5.06726578,11.9423389,0.102728975,0.101730466,0.105524117,99,87,88,#635758,1051.3625
38.1152734,4.96854842,1.06053453,38.1152734,5.0804731,12.0489451,0.102542867,0.101527947,0.105270641,99,87,88,#635758,1057.9675
38.0827762,4.95642724,1.06423358,38.0827762,5.06939485,12.1184295,0.102346456,0.101345148,0.105066278,99,87,88,#635758,1064.0025
38.0522683,4.96115424,1.08635282,38.0522683,5.07870199,12.3512139,0.102183046,0.10117374,0.104810997,98,87,88,#625758,1071.1725
38.0162632,4.96009454,1.09898367,38.0162632,5.08038414,12.4929222,0.101981873,0.100971694,0.104556166,98,87,88,#625758,1076.5025
37.9625587,4.9454485,1.11142551,37.9625587,5.06879941,12.6660427,0.101665522,0.100670826,0.104198587,98,87,88,#625758,1080.8125
37.9298771,4.93324679,1.11521607,37.9298771,5.0577298,12.738247,0.101469111,0.100488028,0.103994224,98,87,88,#625758,1087.235
37.9048516,4.91957001,1.14823367,37.9048516,5.05179272,13.1377114,0.101313332,0.100348202,0.103735781,98,87,88,#625758,1094.37
37.8603232,4.92184991,1.14608518,37.8603232,5.05352528,13.1081146,0.101070581,0.100099728,0.10348298,98,86,87,#625657,1102.895
37.8441869,4.90281716,1.17988073,37.8441869,5.04279036,13.5311384,0.100957326,0.100009787,0.103274555,98,86,87,#625657,1110.395
37.7968042,4.90215542,1.17296664,37.7968042,5.04053355,13.4564874,0.100695695,0.099745994,0.10302198,98,86,87,#625657,1115.905
37.7605412,4.88884624,1.18641871,37.7605412,5.03074616,13.6407626,0.100479457,0.099544422,0.102765793,98,86,87,#625657,1122.8475
37.7179122,4.89599007,1.20355754,37.7179122,5.04175262,13.8108932,0.100254641,0.099307811,0.102460719,98,86,87,#625657,1130.6975
37.6731584,4.88604419,1.20204296,37.6731584,5.03173282,13.8211808,0.099996825,0.09905981,0.102206563,97,86,87,#615657,1135.435
37.6394127,4.88786197,1.2199017,37.6394127,5.03779265,14.0134724,0.099814533,0.098873082,0.101951507,97,86,87,#615657,1140.955
37.6119679,4.8691165,1.23414216,37.6119679,5.02308694,14.2228488,0.099640819,0.098721394,0.101745337,97,86,87,#615657,1148.8475
37.5697286,4.8743381,1.23697888,37.5697286,5.02884566,14.2395613,0.09941695,0.098488238,0.101492312,97,86,87,#615657,1154.375
37.5353108,4.86582022,1.27004846,37.5353108,5.02883978,14.6286359,0.099218647,0.098298529,0.101183851,97,86,86,#615656,1161.1075
37.484593,4.8621707,1.25834449,37.484593,5.02236346,14.5099585,0.098938134,0.098019418,0.100931501,97,86,86,#615656,1169.87
37.41333,4.84011221,1.30540906,37.41333,5.01306084,15.093893,0.098523593,0.097628136,0.100366853,97,85,86,#615556,1184.31
37.3560634,4.84480376,1.29800201,37.3560634,5.01566871,14.9982428,0.098219437,0.097314459,0.10006426,97,85,86,#615556,1190.7725
37.3186524,4.82082125,1.32713164,37.3186524,5.00015959,15.3917834,0.097987188,0.097109904,0.099754669,97,85,86,#615556,1197.205
37.2871763,4.83802361,1.34980311,37.2871763,5.02279214,15.5890422,0.097838842,0.096938022,0.099500744,97,85,86,#615556,1204.66
37.2244722,4.85966919,1.31677695,37.2244722,5.03490677,15.1608401,0.097528001,0.096596218,0.099253361,96,85,86,#605556,1212.7375
37.1964236,4.86554307,1.33026304,37.1964236,5.04411629,15.2912467,0.097384417,0.096443583,0.099049903,96,85,86,#605556,1219.995
37.1352287,4.86935338,1.33269086,37.1352287,5.04843216,15.3064206,0.097060434,0.096111133,0.098695487,96,85,85,#605555,1229.2275
37.0866588,4.8562295,1.32644238,37.0866588,5.03412498,15.277257,0.096783737,0.095847813,0.098441555,96,85,85,#605555,1236.945
37.057913,4.85161946,1.3554034,37.057913,5.03739315,15.6088397,0.096624143,0.095692196,0.098184693,96,85,85,#605555,1242.9325
37.0234669,4.8409757,1.37453552,37.0234669,5.03233481,15.8512434,0.096426786,0.095505942,0.097928281,96,84,85,#605455,1251.2825
36.9681946,4.84883206,1.37214828,36.9681946,5.03924233,15.8007343,0.096141511,0.095207584,0.097625463,96,84,85,#605455,1260.35
36.9244549,4.83108661,1.39136596,36.9244549,5.02745433,16.0665431,0.095886565,0.094971919,0.097317677,96,84,85,#605455,1267.955
36.8746776,4.84502943,1.39898036,36.8746776,5.04296106,16.1058342,0.095639052,0.094704198,0.09701441,96,84,85,#605455,1275.5875
36.8278389,4.83681777,1.41276391,36.8278389,5.03891933,16.2823135,0.09538029,0.094452741,0.096708205,95,84,85,#5f5455,1284.3375
36.790232,4.82304971,1.427175,36.790232,5.02977504,16.4838634,0.095164052,0.094251169,0.096452018,95,84,84,#5f5454,1293.1225
36.7461965,4.80516715,1.44664993,36.7461965,5.01820958,16.7550158,0.094909106,0.094015504,0.096144232,95,84,84,#5f5454,1299.315
36.6990404,4.80955172,1.46003509,36.6990404,5.02627996,16.8867104,0.094665409,0.093763574,0.095839383,95,84,84,#5f5454,1301.2925
36.6647713,4.79672903,1.46454017,36.6647713,5.01532524,16.9785099,0.094468998,0.093580776,0.09563502,95,84,84,#5f5454,1305.1775
36.6210859,4.78943713,1.46850035,36.6210859,5.00951108,17.0461839,0.094230064,0.093348093,0.095380638,95,84,84,#5f5454,1312.9625
36.585976,4.7913275,1.48759771,36.585976,5.01694789,17.2483746,0.094047772,0.093161366,0.095125582,95,83,84,#5f5354,1320.6825
36.5420702,4.79678,1.49103666,36.5420702,5.02317516,17.2673952,0.093823902,0.09292821,0.094872557,95,83,84,#5f5354,1324.7825
36.5134662,4.7772531,1.50630692,36.5134662,5.00910249,17.5004888,0.093650188,0.092776522,0.094666388,95,83,84,#5f5354,1328.9275
36.4811953,4.7694324,1.53119635,36.4811953,5.00919631,17.7989015,0.093471713,0.092605586,0.094409751,95,83,84,#5f5354,1336.7775
36.4401018,4.76515602,1.54038149,36.4401018,5.0079424,17.9139141,0.093251659,0.092388222,0.094155144,95,83,83,#5f5353,1344.32
36.417843,4.74966474,1.55066427,36.417843,4.99638618,18.0807565,0.093116653,0.092270626,0.094000573,94,83,83,#5e5353,1350.16
36.3795551,4.74844934,1.56499009,36.3795551,4.9996965,18.2411444,0.09291548,0.092068581,0.093745742,94,83,83,#5e5353,1354.4075
36.3513394,4.73957554,1.56457358,36.3513394,4.99113882,18.2684894,0.092757778,0.091919875,0.093592977,94,83,83,#5e5353,1358.2575
36.319435,4.74250577,1.57381253,36.319435,4.99682367,18.3585554,0.092595313,0.091751922,0.093389745,94,83,83,#5e5353,1363.61
36.2773388,4.75312867,1.59792008,36.2773388,5.01453694,18.5817589,0.092389378,0.091530629,0.093084446,94,83,83,#5e5353,1369.905
36.2644445,4.73190991,1.60884884,36.2644445,4.99793617,18.7780275,0.092296897,0.091462917,0.092979893,94,83,83,#5e5353,1376.885
36.223009,4.72756956,1.61826396,36.223009,4.99686824,18.8962587,0.092076843,0.091245553,0.092725287,94,83,83,#5e5353,1383.2775
36.1910379,4.71757444,1.62822006,36.1910379,4.99065217,19.0415634,0.091899313,0.091078073,0.092520698,94,83,83,#5e5353,1390.02
36.1590276,4.70755789,1.63820455,36.1590276,4.98445738,19.1876187,0.091721784,0.090910593,0.09231611,94,82,83,#5e5253,1396.955
36.1179956,4.71409027,1.63164949,36.1179956,4.98847944,19.0918533,0.091517741,0.090696211,0.092114908,94,82,82,#5e5252,1401.8
36.0881703,4.70924476,1.66230987,36.0881703,4.99402246,19.4424526,0.091358146,0.090540594,0.091858046,94,82,82,#5e5252,1407.2225
36.0530011,4.70906405,1.66665498,36.0530011,4.9953001,19.4901388,0.091176801,0.090357323,0.091655038,94,82,82,#5e5252,1413.6025
36.0274655,4.69018219,1.67209767,36.0274655,4.97932923,19.6216682,0.091022914,0.090224408,0.091500693,93,82,82,#5d5252,1418.1925
35.9891744,4.69988141,1.67072177,35.9891744,4.98800527,19.5693684,0.090837753,0.090025345,0.091299266,93,82,82,#5d5252,1423.215
35.9651959,4.68824519,1.71253261,35.9651959,4.9912334,20.0663499,0.090700855,0.089900838,0.091040598,93,82,82,#5d5252,1429.925
35.9269042,4.68490045,1.71181045,35.9269042,4.98784395,20.0717405,0.090500628,0.089702248,0.090837815,93,82,82,#5d5252,1436.2825
35.8885559,4.68155094,1.71108802,35.8885559,4.98444996,20.0771546,0.090300401,0.089503658,0.090635033,93,82,82,#5d5252,1442.3825
35.8465172,4.67712082,1.72085365,35.8465172,4.98365292,20.2000891,0.090080348,0.089286294,0.090380426,93,82,82,#5d5252,1447.75
35.8261352,4.65336292,1.75308256,35.8261352,4.9726336,20.6431249,0.089948212,0.089181034,0.090172226,93,82,82,#5d5252,1452.68
35.7906091,4.65313707,1.75762064,35.7906091,4.97402402,20.69296,0.089766866,0.088997762,0.089969219,93,82,82,#5d5252,1458.8025
35.754271,4.66816769,1.77732632,35.754271,4.99506541,20.8434895,0.089599639,0.088810562,0.089715519,93,82,81,#5d5251,1464.1875
35.7157582,4.6516132,1.7773064,35.7157582,4.97959069,20.9110505,0.089384348,0.088612445,0.08951138,93,81,81,#5d5151,1469.33
35.6927789,4.64883034,1.78757545,35.6927789,4.98066758,21.0328274,0.089264407,0.088494376,0.089358165,93,81,81,#5d5151,1477.49
35.6383754,4.64481173,1.77606888,35.6383754,4.97279566,20.9257012,0.088983894,0.088215265,0.089105815,93,81,81,#5d5151,1486.18
35.6207274,4.63727272,1.8132836,35.6207274,4.97918625,21.3566769,0.088885705,0.088124851,0.088898745,92,81,81,#5c5151,1495.005
35.5850102,4.62379874,1.81856375,35.5850102,4.96857011,21.4699687,0.088689294,0.087942052,0.088694382,92,81,81,#5c5151,1503.3325
35.529609,4.6351183,1.8223801,35.529609,4.98050107,21.4631631,0.0884229,0.087659012,0.088391339,92,81,81,#5c5151,1510.475
35.5162449,4.62652923,1.83321776,35.5162449,4.97649074,21.6154712,0.088345484,0.087590827,0.088288142,92,81,81,#5c5151,1517.7
35.4699086,4.62090415,1.85408324,35.4699086,4.97899386,21.8625414,0.088105603,0.087354689,0.087981712,92,81,81,#5c5151,1523.05
35.4248485,4.61102932,1.84304982,35.4248485,4.96572493,21.7868194,0.087867614,0.087125462,0.087779379,92,81,81,#5c5151,1529.065
35.3948007,4.61723042,1.85837334,35.3948007,4.97718477,21.9241242,0.087724031,0.086972828,0.087575922,92,81,80,#5c5150,1536.0825
35.3642227,4.59884493,1.89100092,35.3642227,4.97245002,22.3519947,0.087549371,0.086817684,0.087317704,92,81,80,#5c5150,1544.2425
35.3152676,4.58780205,1.89076559,35.3152676,4.96214894,22.3979721,0.087291555,0.086569683,0.087063547,92,81,80,#5c5150,1552.7725
35.2821543,4.57737139,1.90154727,35.2821543,4.95663302,22.5591427,0.087114025,0.086402203,0.086858959,92,80,80,#5c5050,1560.44
35.2450912,4.59266366,1.92196042,35.2450912,4.97860335,22.7085742,0.086946798,0.086215002,0.086605259,92,80,80,#5c5050,1569.035
35.1626398,4.57110478,1.93268144,35.1626398,4.96288792,22.9188364,0.086511453,0.085799522,0.086146514,91,80,80,#5b5050,1585.7675
35.1386614,4.54340342,1.96082686,35.1386614,4.94847013,23.3439004,0.086360436,0.085678943,0.085938539,91,80,80,#5b5050,1593.5825
35.0822873,4.55483896,1.96508191,35.0822873,4.96065569,23.3366865,0.086094042,0.085395903,0.085635496,91,80,80,#5b5050,1601.23
35.0457178,4.55456194,1.97012747,35.0457178,4.96240231,23.3914436,0.085912697,0.085212632,0.085432488,91,80,79,#5b504f,1608.265
35.0029689,4.54774352,1.96447531,35.0029689,4.95390092,23.3627531,0.085693589,0.084998723,0.08522993,91,80,79,#5b504f,1614.325
34.955694,4.54194331,1.9861228,34.955694,4.95721019,23.619028,0.085453708,0.084762585,0.084923501,91,80,79,#5b504f,1620.625
34.9091199,4.52035928,1.99210374,34.9091199,4.93985074,23.7828902,0.085199708,0.084530376,0.084667763,91,80,79,#5b504f,1629.1975
34.8754756,4.50971793,2.00324589,34.8754756,4.93462763,23.9511022,0.085022178,0.084362896,0.084463175,91,80,79,#5b504f,1639.43
34.8541172,4.5122423,2.03598726,34.8541172,4.95031057,24.2855666,0.084920173,0.08425669,0.084257687,91,79,79,#5b4f4f,1646.9675
34.8103487,4.50749838,2.04687592,34.8103487,4.95047903,24.4230193,0.084700119,0.084039326,0.08400308,90,79,79,#5a4f4f,1652.0425
34.7672978,4.48688414,2.041935,34.7672978,4.92966813,24.4697955,0.084465946,0.08382589,0.083799167,90,79,79,#5a4f4f,1657.8425
34.7372599,4.47729313,2.04212492,34.7372599,4.921019,24.5180629,0.084308244,0.083677184,0.083646402,90,79,79,#5a4f4f,1664.4175
34.7032913,4.48026396,2.05280798,34.7032913,4.92816252,24.6167336,0.084145779,0.083509231,0.083443169,90,79,78,#5a4f4e,1671.6275
34.6724772,4.47282868,2.06958237,34.6724772,4.92842445,24.8300284,0.08398713,0.08335707,0.083238356,90,79,78,#5a4f4e,1679.5475
34.6257937,4.49002412,2.05733395,34.6257937,4.93892089,24.6173029,0.083779272,0.083126897,0.083038735,90,79,78,#5a4f4e,1687.71
34.5949813,4.46880595,2.07480296,34.5949813,4.92697006,24.9047709,0.083605558,0.082975208,0.082832565,90,79,78,#5a4f4e,1695.5325
34.5507627,4.46397729,2.08590476,34.5507627,4.92728038,25.0455062,0.083385504,0.082757844,0.082577959,90,79,78,#5a4f4e,1703.79
34.5300259,4.43668899,2.10380722,34.5300259,4.91021527,25.3695626,0.083254315,0.08265604,0.082421807,90,79,78,#5a4f4e,1712.48
34.4792453,4.45279157,2.10279638,34.4792453,4.92433807,25.2786612,0.083026629,0.082407093,0.082170363,90,79,78,#5a4f4e,1720.3825
34.4482535,4.43141594,2.12045331,34.4482535,4.91261331,25.5713334,0.082852915,0.082255404,0.081964194,90,79,78,#5a4f4e,1727.22
34.387281,4.42579958,2.12043105,34.387281,4.90753806,25.5994019,0.082552575,0.081957519,0.08166002,89,78,78,#594e4e,1733.8775
34.3638791,4.40664407,2.11556678,34.3638791,4.88816272,25.6449963,0.082418516,0.081843379,0.081557497,89,78,78,#594e4e,1741.1725
34.331841,4.41519338,2.14889106,34.331841,4.91036306,25.9523594,0.082273986,0.081687289,0.081301991,89,78,77,#594e4d,1748.4425
34.2776038,4.41408044,2.14310775,34.2776038,4.9068337,25.8973262,0.082012354,0.081423496,0.081049416,89,78,77,#594e4d,1755.4775
34.2533876,4.3970563,2.15513411,34.2533876,4.89680581,26.1109116,0.081877349,0.0813059,0.080894845,89,78,77,#594e4d,1762.335
34.2092782,4.38986564,2.14966118,34.2092782,4.88794062,26.0904019,0.081658241,0.081091992,0.080692287,89,78,77,#594e4d,1769.3775
34.1803055,4.38784205,2.18945601,34.1803055,4.90376136,26.5183893,0.081517527,0.080951693,0.0804352,89,78,77,#594e4d,1777.1725
34.1361653,4.36658328,2.18467359,34.1361653,4.8826067,26.5795559,0.081283354,0.080738258,0.080231287,89,78,77,#594e4d,1784.87
34.1157018,4.35060334,2.18537459,34.1157018,4.86863549,26.671078,0.081168176,0.080639436,0.080128539,89,78,77,#594e4d,1792.1825
34.0776083,4.36421589,2.19040586,34.0776083,4.88305828,26.6521365,0.081001896,0.080455691,0.079926888,89,78,77,#594e4d,1799.87
34.0453008,4.35874967,2.22494493,34.0453008,4.89377958,27.0422596,0.080842301,0.080300074,0.079670026,89,78,77,#594e4d,1807.6075
34.0048287,4.33852735,2.2086896,34.0048287,4.86838057,26.980071,0.080627955,0.080105413,0.079517936,88,78,77,#584e4d,1814.4975
33.9698566,4.34148642,2.22002226,33.9698566,4.87616685,27.0829647,0.080465491,0.07993746,0.079314703,88,77,77,#584d4d,1820.855
33.9355566,4.34221211,2.21424853,33.9355566,4.87418737,27.0186533,0.080303972,0.079772962,0.079163519,88,77,76,#584d4c,1827.4525
33.9037869,4.33445349,2.23187553,33.9037869,4.87532106,27.2446224,0.080145323,0.079620801,0.078958706,88,77,76,#584d4c,1834.2
33.8759036,4.32786947,2.23796532,33.8759036,4.87226261,27.3437355,0.080006502,0.079487413,0.078805716,88,77,76,#584d4c,1841.545
33.8408495,4.31663264,2.25006907,33.8408495,4.8678669,27.5310321,0.079828972,0.079319933,0.078601127,88,77,76,#584d4c,1848.8775
33.8025328,4.30191321,2.25659373,33.8025328,4.85784649,27.6795197,0.079632561,0.079137135,0.078396764,88,77,76,#584d4c,1855.2725
33.7836583,4.27941273,2.29821216,33.7836583,4.85748417,28.2375393,0.079519307,0.079047193,0.078188338,88,77,76,#584d4c,1862.11
33.7452534,4.26460616,2.30484036,33.7452534,4.84759268,28.3893578,0.079322896,0.078864395,0.077983975,88,77,76,#584d4c,1869.74
33.7000377,4.2857005,2.29823868,33.7000377,4.8630371,28.2027644,0.079133919,0.07864954,0.077784129,88,77,76,#584d4c,1877.59
33.6653639,4.28639007,2.29251887,33.6653639,4.86094462,28.139508,0.0789724,0.078485043,0.077632945,88,77,76,#584d4c,1885.73
33.6327172,4.25210316,2.32921758,33.6327172,4.84826112,28.7130518,0.078782675,0.078330372,0.077373371,87,77,76,#574d4c,1893.485
33.5846855,4.28188717,2.29887457,33.5846855,4.85997757,28.2306173,0.078590828,0.078103181,0.077227155,87,77,75,#574d4b,1901.0875
33.5630321,4.26779256,2.31716212,33.5630321,4.85626334,28.4993761,0.078474703,0.078000904,0.077072359,87,77,75,#574d4b,1908.015
33.5276339,4.24196502,2.33024609,33.5276339,4.83986716,28.78139,0.078282108,0.077833897,0.076866414,87,76,75,#574c4b,1914.2275
33.4926175,4.25703789,2.32387645,33.4926175,4.85002818,28.6297061,0.078135655,0.077668926,0.076716586,87,76,75,#574c4b,1921.4675
33.4604772,4.22019897,2.34337807,33.4604772,4.82716274,29.0423926,0.077946876,0.077517711,0.076509061,87,76,75,#574c4b,1929.17
33.435353,4.2169219,2.35545737,33.435353,4.83017699,29.1865325,0.077826936,0.077399642,0.076355846,87,76,75,#574c4b,1935.7575
33.3930368,4.21280853,2.35593136,33.3930368,4.82681762,29.2152553,0.077626709,0.077201052,0.076153063,87,76,75,#574c4b,1941.3625
33.3712148,4.19855176,2.37445075,33.3712148,4.82346901,29.4899143,0.077510584,0.077098774,0.075998268,87,76,75,#574c4b,1948.435
33.3287885,4.19440542,2.37496528,33.3287885,4.82011379,29.5195004,0.077310358,0.076900184,0.075795485,87,76,75,#574c4b,1955.5975
33.3215989,4.17511393,2.38182748,33.3215989,4.80673262,29.7039816,0.077256585,0.076866565,0.07574253,87,76,75,#574c4b,1962.185
33.28491,4.18031402,2.41153531,33.28491,4.82602609,29.979744,0.077093174,0.076695156,0.075487249,87,76,75,#574c4b,1970.0575
33.2463628,4.17737245,2.40014742,33.2463628,4.81779495,29.879914,0.076912774,0.07651534,0.07533629,86,76,75,#564c4b,1978.61
33.2211211,4.15945563,2.41309384,33.2211211,4.80875171,30.1200159,0.076777769,0.076397744,0.075181719,86,76,74,#564c4a,1987.5025
33.1964946,4.15379196,2.40763364,33.1964946,4.80111315,30.0975702,0.076658774,0.076283131,0.075080553,86,76,74,#564c4a,1994.5325
33.1529199,4.16650678,2.42535371,33.1529199,4.82100813,30.2039942,0.076472667,0.076080612,0.074827078,86,76,74,#564c4a,1999.0375
33.1350324,4.13869188,2.43278999,33.1350324,4.80075385,30.4477007,0.076361304,0.075997582,0.07472275,86,76,74,#564c4a,2004.0175
33.0821713,4.13838273,2.41540385,33.0821713,4.79169984,30.2703523,0.0761195,0.075752563,0.074521998,86,76,74,#564c4a,2010.1525
33.0666938,4.13105228,2.44584462,33.0666938,4.8008071,30.6282201,0.076041137,0.075680923,0.074366752,86,75,74,#564b4a,2015.585
33.0452256,4.12891775,2.44618258,33.0452256,4.79914274,30.644675,0.075941024,0.075581628,0.074265361,86,75,74,#564b4a,2021.7325
33.0163567,4.12194117,2.45283395,33.0163567,4.79653973,30.7555091,0.075802202,0.07544824,0.074112371,86,75,74,#564b4a,2027.9675
32.9874537,4.1149508,2.45950431,32.9874537,4.7939526,30.8667427,0.075663381,0.075314853,0.073959381,86,75,74,#564b4a,2033.555
32.9550886,4.11909949,2.45969821,32.9550886,4.79761356,30.8433111,0.075520743,0.075165674,0.073807972,86,75,74,#564b4a,2040.16
32.9363054,4.09336572,2.48522698,32.9363054,4.78873637,31.2634169,0.075408435,0.075079188,0.073651595,86,75,74,#564b4a,2046.2175
32.9146196,4.10597066,2.48492848,32.9146196,4.79936085,31.1822755,0.075323386,0.07497942,0.07355156,86,75,74,#564b4a,2051.5275
32.8754859,4.10291566,2.47349238,32.8754859,4.79083307,31.0841827,0.075142987,0.074799604,0.073400601,85,75,74,#554b4a,2056.44
32.8606303,4.09316626,2.48623008,32.8606303,4.78908656,31.2749135,0.075065571,0.074731419,0.073297403,85,75,74,#554b4a,2061.17
32.8417744,4.06731481,2.51190235,32.8417744,4.7804501,31.6987511,0.074953262,0.074644933,0.073141027,85,75,73,#554b49,2066.9275
32.8057666,4.08266382,2.50564373,32.8057666,4.79023949,31.5385919,0.074806809,0.074479962,0.072991199,85,75,73,#554b49,2073.335
32.7767169,4.0607254,2.51314515,32.7767169,4.77549885,31.7529794,0.074652922,0.074347048,0.072836853,85,75,73,#554b49,2078.815
32.7549925,4.05852431,2.513563,32.7549925,4.77384736,31.7711462,0.074552809,0.074247753,0.072735461,85,75,73,#554b49,2083.76
32.7324916,4.05867717,2.53215135,32.7324916,4.78379043,31.9594565,0.074451749,0.074145002,0.072582022,85,75,73,#554b49,2089.77
32.7074722,4.03793041,2.5274005,32.7074722,4.76367875,32.0430598,0.07431769,0.074030862,0.072479499,85,75,73,#554b49,2096.8175
32.6712653,4.05334043,2.52113817,32.6712653,4.77343758,31.8812088,0.074171236,0.073865891,0.072329671,85,75,73,#554b49,2103.8325
32.645319,4.04984875,2.53391633,32.645319,4.77723841,32.0334624,0.074051296,0.073747822,0.072176456,85,75,73,#554b49,2110.2125
32.6296662,4.02739578,2.56579734,32.6296662,4.77527306,32.5006402,0.073957868,0.073676655,0.072019855,85,74,73,#554a49,2115.6175
32.5934475,4.02787439,2.56026439,32.5934475,4.77270634,32.4415332,0.07379635,0.073512157,0.071868671,85,74,73,#554a49,2121.4575
32.5791808,4.01560446,2.55493944,32.5791808,4.75949521,32.4666706,0.07371988,0.073447428,0.071817522,85,74,73,#554a49,2128.3675
32.5455058,4.02211361,2.57363316,32.5455058,4.77503775,32.6139922,0.073576296,0.073294793,0.071614064,85,74,73,#554a49,2135.745
32.5195294,4.00355759,2.58725501,32.5195294,4.76679787,32.8721203,0.07344129,0.073177197,0.071459494,85,74,73,#554a49,2142.4775
32.4935251,3.98496154,2.60091315,32.4935251,4.75864137,33.1317663,0.073306285,0.073059601,0.071304923,84,74,72,#544a48,2149.0575
32.4569977,4.00046116,2.59471389,32.4569977,4.76825226,32.967591,0.073159831,0.072894631,0.071155095,84,74,72,#544a48,2156.155
32.4487811,3.98279365,2.62038687,32.4487811,4.76750172,33.3419913,0.073105112,0.072857556,0.071050092,84,74,72,#544a48,2162.1625
32.4164585,3.98453539,2.6023932,32.4164585,4.75909368,33.149492,0.072963421,0.072711832,0.070950731,84,74,72,#544a48,2167.2675
32.3757461,3.98367645,2.6094068,32.3757461,4.76221397,33.2257925,0.072782075,0.072528561,0.070747723,84,74,72,#544a48,2172.8375
32.3453026,3.97878574,2.63504797,32.3453026,4.77223362,33.5154895,0.072642307,0.072391718,0.070542685,84,74,72,#544a48,2178.6825
32.327582,3.94751529,2.62444065,32.327582,4.74031283,33.6172935,0.072531891,0.072312143,0.070490405,84,74,72,#544a48,2184.635
32.3045756,3.96276363,2.6428525,32.3045756,4.76320952,33.700177,0.072445897,0.072208919,0.070338321,84,74,72,#544a48,2191.5275
32.2825297,3.94528836,2.64412714,32.2825297,4.74939034,33.829942,0.072330718,0.072110097,0.070235574,84,74,72,#544a48,2198.4725
32.2596917,3.93018233,2.66400883,32.2596917,4.74797601,34.1307305,0.072214594,0.07200782,0.070080778,84,74,72,#544a48,2204.125
32.2339677,3.93933753,2.65791181,32.2339677,4.75214429,34.0079474,0.072110665,0.071892733,0.069980968,84,74,72,#544a48,2209.7175
32.2075484,3.93569608,2.67115561,32.2075484,4.75655084,34.1647251,0.071990724,0.071774664,0.069827753,84,74,72,#544a48,2215.6325
32.1895143,3.9346919,2.65910181,32.1895143,4.74896018,34.0511977,0.071910438,0.071694143,0.069778185,84,74,72,#544a48,2221.6075
32.1630462,3.93104259,2.67237544,32.1630462,4.75338683,34.2083908,0.071790497,0.071576074,0.06962497,84,73,72,#544948,2227.615
32.1359856,3.89925572,2.70582015,32.1359856,4.74612029,34.7580364,0.071639481,0.071455496,0.069416995,84,73,71,#544947,2233.225
32.1143489,3.90976679,2.68702022,32.1143489,4.74408621,34.4991237,0.071555378,0.071359183,0.069369008,84,73,71,#544947,2239.195
32.0844576,3.88702699,2.69506027,32.0844576,4.7299396,34.7354059,0.071401492,0.071226269,0.069214662,83,73,71,#534947,2245.9325
32.057767,3.89864306,2.70774543,32.057767,4.74671497,34.7813452,0.071296616,0.071107727,0.069062803,83,73,71,#534947,2252.4675
32.0396203,3.89761396,2.69563778,32.0396203,4.73897221,34.6682112,0.07121633,0.071027206,0.069013236,83,73,71,#534947,2258.5675
32.0129867,3.89391389,2.70906093,32.0129867,4.74358266,34.8269806,0.07109639,0.070909137,0.068860021,83,73,71,#534947,2264.42
31.9976991,3.86834652,2.72324917,31.9976991,4.73077064,35.1448842,0.071003908,0.070841425,0.068755468,83,73,71,#534947,2269.9525
31.9716932,3.87756255,2.71715664,31.9716932,4.73481061,35.0204011,0.070899979,0.070726338,0.068655657,83,73,71,#534947,2276.155
31.944984,3.87383556,2.73065564,31.944984,4.73952341,35.1799,0.070780039,0.070608269,0.068502442,83,73,71,#534947,2282.405
31.9190281,3.8676667,2.72527257,31.9190281,4.73137996,35.1696591,0.070661044,0.070493656,0.068401276,83,73,71,#534947,2288.2825
31.8845253,3.85879245,2.74560645,31.8845253,4.73588787,35.4325965,0.070502396,0.070341494,0.068196462,83,73,71,#534947,2294.68
31.8662469,3.85773629,2.73343403,31.8662469,4.72797957,35.319825,0.070422109,0.070260974,0.068146895,83,73,71,#534947,2301.22
31.8499727,3.84989623,2.76601446,31.8499727,4.74052075,35.6959109,0.070343747,0.070189333,0.067991649,83,73,71,#534947,2307.7225
31.8091836,3.83092868,2.75527313,31.8091836,4.71884992,35.7243707,0.070148282,0.07000999,0.067839334,83,73,71,#534947,2314.7275
31.7788013,3.8233302,2.76282822,31.7788013,4.71710436,35.8527598,0.070009461,0.069876603,0.067686344,83,73,71,#534947,2322.255
31.7632555,3.81298948,2.7765068,31.7632555,4.71676571,36.061006,0.069932044,0.069808418,0.067583147,83,73,71,#534947,2329.0625
31.7407067,3.79499953,2.77797573,31.7407067,4.70310223,36.2044824,0.069816866,0.069709596,0.067480399,82,73,70,#524946,2334.275
31.7137383,3.79116309,2.79171788,31.7137383,4.70814255,36.3670039,0.069696925,0.069591527,0.067327185,82,72,70,#524846,2340.0325
31.6980418,3.79634193,2.80474659,31.6980418,4.72004402,36.4570783,0.069634574,0.069522869,0.067225343,82,72,70,#524846,2347.1775
31.6605012,3.7810095,2.80014712,31.6605012,4.70498212,36.5229776,0.069457991,0.069358844,0.067072803,82,72,70,#524846,2354.29
31.6376381,3.79413148,2.80020777,31.6376381,4.71556966,36.4286819,0.069372942,0.069259076,0.066972768,82,72,70,#524846,2361.2825
31.6149701,3.7760366,2.8017162,31.6149701,4.70192153,36.5744076,0.069257764,0.069160254,0.066870021,82,72,70,#524846,2368.35
31.5913781,3.77601448,2.82173529,31.5913781,4.71385993,36.76998,0.069156705,0.069057504,0.066716581,82,72,70,#524846,2375.7325
